Structure_Names,Metric,Value
AnalCanal,mean,0
Anus,relative_vol,3000
Bladder,dose_percent,100
Bladder,dose_cc,5
Bladder,relative_vol,4500
Bladder,relative_vol,5000
Bladder,relative_vol,6000
Bladder,relative_vol,7400
Bladder,max,0
Bladder,min,100
Bladder,min,0
Bone_Iliac_L,mean,1000
Bone_Iliac_R,mean,1000
Bone_Mandible,relative_vol,1500
Bone_Mandible,dose_cc,0.1
Bones_Iliac,median,0
Bones_Iliac,mean,0
Bones_Iliac,dose_percent,98
Bones_Iliac,dose_percent,2
BowelBag,absolute_vol,6000
BowelBag,relative_vol,4500
BowelSpace,absolute_vol,4000
BowelSpace,absolute_vol,4500
BowelSpace,absolute_vol,5500
BowelSpace,absolute_vol,1500
BrachialPlex_L,dose_cc,0.5
BrachialPlex_L,dose_cc,1
BrachialPlex_L,dose_cc,0.1
BrachialPlex_R,dose_cc,0.5
BrachialPlex_R,dose_cc,0.1
BrachialPlex_R,dose_cc,1
BrachialPlexus_L,mean,0
BrachialPlexus_L,dose_cc,1
BrachialPlexus_L,dose_cc,0.5
BrachialPlexus_L,dose_cc,0.1
BrachialPlexus_L,max,0
BrachialPlexus_R,dose_cc,1
BrachialPlexus_R,dose_cc,0.5
BrachialPlexus_R,dose_cc,0.1
BrachialPlexus_R,mean,0
BrachialPlexus_R,max,0
Brain,absolute_vol,6000
Brain,dose_percent,98
Brain,absolute_vol,6190
Brain,absolute_vol,6310
Brain,relative_vol,6000
Brain,max,0
Brain,median,0
Brain,mean,0
Brain,dose_percent,2
Brain,min,0
BrainStem,dose_cc,0.1
BrainStem,dose_percent,50
BrainStem,dose_percent,10
BrainStem,max,0
BrainStem,mean,0
BrainStem,dose_percent,98
BrainStem,dose_cc,0.03
BrainStem,dose_percent,2
BrainStem,absolute_vol,5940
BrainStem,dose_percent,1
BrainStem,relative_vol,5940
BrainStem,median,0
BrainStemCore,dose_percent,2
BrainStemCore,dose_cc,0.03
BrainStemCore,max,0
BrainStemCore,dose_cc,0.1
BrainStemSurf,dose_cc,0.03
Brainstem,relative_vol,5400
Brainstem,dose_percent,2
Brainstem,dose_cc,1
Brainstem,dose_percent,10
Brainstem,dose_cc,0.1
Brainstem,dose_percent,33.333
Brainstem,mean,0
Brainstem,median,0
Brainstem,dose_percent,98
Brainstem,dose_percent,50
Breast_L,relative_vol,500
Breast_L,mean,0
Breast_L,relative_vol,400
Breast_L,relative_vol,1000
Breast_L,dose_percent,98
Breast_L,max,0
Breast_R,dose_percent,98
Breast_R,relative_vol,1000
Breast_R,relative_vol,400
Breast_R,mean,0
Breast_R,relative_vol,500
Breast_R,max,0
Breasts,mean,0
Breasts,dose_percent,98
Breasts,median,0
Breasts,dose_percent,2
CTV,dose_percent,95
CTV,dose_cc,0.1
CTV,dose_percent,2
CTV,mean,0
CTV,dose_percent,50
CTV,dose_percent,98
CTV1,dose_percent,5
CTV1,dose_percent,50
CTV1,dose_percent,99
CTV1,dose_percent,95
CTV1,dose_percent,2
CTV2,dose_percent,2
CTV2,dose_percent,95
CTV2,dose_percent,50
CTV2,dose_percent,99
CTV2,dose_percent,5
CTV_0540,absolute_vol,577.8
CTV_0540,dose_percent,98
CTV_0540,relative_vol,513
CTV_0540,dose_percent,2
CTV_0540,dose_percent,95
CTV_0540,mean,0
CTV_0540,absolute_vol,0
CTV_0540,median,0
CTV_0540,relative_vol,594
CTV_2160,dose_percent,98
CTV_2160,dose_percent,99
CTV_2160,dose_percent,95
CTV_2160,mean,0
CTV_2160,dose_percent,5
CTV_2160,dose_percent,2
CTV_5400,dose_percent,2
CTV_5400,mean,0
CTV_5400,median,0
CTV_5400,dose_percent,98
CTV_5400,absolute_vol,0
CTV_5400,dose_percent,95
CTV_5400,dose_percent,5
CTV_5400,dose_percent,50
CTV_5400,dose_percent,99
CTV_5400,relative_vol,5130
CTV_5400,absolute_vol,5778
CTV_5400,relative_vol,5940
CTV_5600,dose_percent,2
CTV_5600,dose_percent,5
CTV_5600,mean,0
CTV_5600,dose_percent,50
CTV_5600,dose_percent,99
CTV_5600,dose_percent,95
CTV_5940,median,0
CTV_5940,absolute_vol,0
CTV_5940,dose_percent,95
CTV_5940,dose_percent,2
CTV_5940,relative_vol,5643
CTV_5940,mean,0
CTV_5940,absolute_vol,6356
CTV_5940,dose_percent,98
CTV_5940,relative_vol,6534
CTV_6000,dose_percent,5
CTV_6000,dose_percent,2
CTV_6000,mean,0
CTV_6000,dose_percent,50
CTV_6000,dose_percent,99
CTV_6000,dose_percent,95
CTV_6270,mean,0
CTV_6270,dose_percent,95
CTV_6270,dose_percent,99
CTV_6270,dose_percent,2
CTV_6270,dose_percent,50
CTV_6270,dose_percent,5
CTV_6300,dose_percent,99
CTV_6300,dose_percent,95
CTV_6300,mean,0
CTV_6300,dose_percent,5
CTV_6300,dose_percent,2
CTV_6300,dose_percent,50
CTV_6600,dose_percent,50
CTV_6600,dose_percent,5
CTV_6600,dose_percent,2
CTV_6600,dose_percent,99
CTV_6600,dose_percent,95
CTV_6600,mean,0
CTV_7000,dose_percent,5
CTV_7000,dose_percent,95
CTV_7000,dose_percent,50
CTV_7000,mean,0
CTV_7000,dose_percent,2
CTV_7000,dose_percent,99
CTV_CW,dose_cc,0.5
CTV_CW,relative_vol,4280
CTV_CW,relative_vol,3800
CTV_High,dose_percent,95
CTV_High,mean,0
CTV_High,dose_percent,10
CTV_High,dose_percent,99
CTV_High,dose_percent,2
CTV_High,dose_percent,98
CTV_IMN,dose_cc,0.5
CTV_IMN,relative_vol,4280
CTV_IMN,relative_vol,3600
CTV_Intermediate,dose_percent,98
CTV_Intermediate,dose_percent,95
CTV_Intermediate,mean,0
CTV_Intermediate,dose_percent,2
CTV_LN,relative_vol,3600
CTV_LN,relative_vol,4280
CTV_LN,dose_cc,0.5
CTV_Low,dose_percent,99
CTV_Low,dose_percent,95
CTV_Low,dose_percent,2
CTV_Low,mean,0
CTV_Low,dose_percent,98
CTV_Low,dose_percent,10
CTV_TB,relative_vol,4560
CTV_TB,relative_vol,5140
CTV_TB,dose_cc,0.5
CTV_WB,relative_vol,3800
CTV_WB,dose_cc,0.5
CTV_WB,relative_vol,4280
CTVm_Lungs_1500,dose_percent,2
CTVm_Lungs_1500,mean,0
CTVm_Lungs_1500,dose_percent,98
CTVm_Lungs_1500,dose_percent,99
CTVm_Lungs_1500,dose_percent,95
CTVm_Lungs_1800,dose_percent,98
CTVm_Lungs_1800,dose_percent,99
CTVm_Lungs_1800,mean,0
CTVm_Lungs_1800,dose_percent,95
CTVm_Lungs_1800,dose_percent,2
CTVm_Lungs_4500,dose_percent,95
CTVm_Lungs_4500,mean,0
CTVm_Lungs_4500,dose_percent,2
CTVm_Lungs_4500,dose_percent,98
CTVm_Lungs_4500,dose_percent,99
CTVm_Lungs_4560,dose_percent,98
CTVm_Lungs_4560,dose_percent,99
CTVm_Lungs_4560,dose_percent,2
CTVm_Lungs_4560,dose_percent,95
CTVm_Lungs_4560,mean,0
CTVm_b1,mean,0
CTVm_b1,dose_percent,98
CTVm_b1,dose_percent,2
CTVm_b1,structurevol,0
CTVm_b1,relative_vol,1926
CTVm_b1,relative_vol,1710
CTVm_b1,relative_vol,1620
CTVm_b1,relative_vol,1872
CTVm_b1,median,0
CTVm_b1,relative_vol,2226
CTVm_b1,relative_vol,1976
CTVm_b2,structurevol,0
CTVm_b2,relative_vol,1710
CTVm_b2,relative_vol,1620
CTVm_b2,mean,0
CTVm_b2,median,0
CTVm_b2,dose_percent,2
CTVm_b2,relative_vol,1976
CTVm_b2,dose_percent,98
CTVm_b2,relative_vol,2226
CTVm_b2,relative_vol,1872
CTVm_b2,relative_vol,1926
CTVm_b3,median,0
CTVm_b3,mean,0
CTVm_b3,dose_percent,98
CTVm_b3,relative_vol,1926
CTVm_b3,dose_percent,2
CTVm_b3,relative_vol,1620
CTVm_b3,structurevol,0
CTVm_b3,relative_vol,1710
CTVm_b3,relative_vol,1976
CTVm_b3,relative_vol,1872
CTVm_b3,relative_vol,2226
CTVm_s1,relative_vol,855
CTVm_s1,relative_vol,810
CTVm_s1,relative_vol,963
CTVm_s1,mean,0
CTVm_s1,relative_vol,702
CTVm_s1,relative_vol,835
CTVm_s1,structurevol,0
CTVm_s1,dose_percent,2
CTVm_s1,dose_percent,98
CTVm_s1,median,0
CTVm_s1,relative_vol,741
CTVm_s2,relative_vol,810
CTVm_s2,relative_vol,741
CTVm_s2,relative_vol,702
CTVm_s2,relative_vol,855
CTVm_s2,relative_vol,835
CTVm_s2,mean,0
CTVm_s2,relative_vol,963
CTVm_s2,structurevol,0
CTVm_s2,median,0
CTVm_s2,dose_percent,98
CTVm_s2,dose_percent,2
CTVm_s3,mean,0
CTVm_s3,relative_vol,702
CTVm_s3,relative_vol,963
CTVm_s3,relative_vol,855
CTVm_s3,relative_vol,810
CTVm_s3,median,0
CTVm_s3,relative_vol,835
CTVm_s3,dose_percent,2
CTVm_s3,relative_vol,741
CTVm_s3,structurevol,0
CTVm_s3,dose_percent,98
CTVn_Post_5400,mean,0
CTVn_Post_5400,dose_percent,2
CTVn_Post_5400,dose_percent,98
CTVn_Post_5400,dose_percent,99
CTVn_Post_5400,dose_percent,95
CTVn_Post_5940,dose_percent,99
CTVn_Post_5940,dose_percent,95
CTVn_Post_5940,dose_percent,98
CTVn_Post_5940,mean,0
CTVn_Post_5940,dose_percent,2
CTVn_Post_6480,dose_percent,2
CTVn_Post_6480,mean,0
CTVn_Post_6480,dose_percent,95
CTVn_Post_6480,dose_percent,99
CTVn_Post_6480,dose_percent,98
CTVn_Pre_4500,dose_percent,2
CTVn_Pre_4500,dose_percent,98
CTVn_Pre_4500,mean,0
CTVn_Pre_4500,dose_percent,95
CTVn_Pre_4500,dose_percent,99
CTVn_Pre_5400,dose_percent,99
CTVn_Pre_5400,dose_percent,95
CTVn_Pre_5400,dose_percent,98
CTVn_Pre_5400,mean,0
CTVn_Pre_5400,dose_percent,2
CTVp_Post_5400,mean,0
CTVp_Post_5400,dose_percent,95
CTVp_Post_5400,dose_percent,99
CTVp_Post_5400,dose_percent,2
CTVp_Post_5400,dose_percent,98
CTVp_Post_5940,dose_percent,98
CTVp_Post_5940,dose_percent,99
CTVp_Post_5940,dose_percent,2
CTVp_Post_5940,mean,0
CTVp_Post_5940,dose_percent,95
CTVp_Post_6390,dose_percent,2
CTVp_Post_6390,mean,0
CTVp_Post_6390,dose_percent,95
CTVp_Post_6390,dose_percent,99
CTVp_Post_6390,dose_percent,98
CTVp_Post_6480,dose_percent,2
CTVp_Post_6480,mean,0
CTVp_Post_6480,dose_percent,95
CTVp_Post_6480,dose_percent,98
CTVp_Post_6480,dose_percent,99
CTVp_Pre_4500,mean,0
CTVp_Pre_4500,dose_percent,99
CTVp_Pre_4500,dose_percent,98
CTVp_Pre_4500,dose_percent,2
CTVp_Pre_4500,dose_percent,95
CTVp_Pre_4560,dose_percent,98
CTVp_Pre_4560,dose_percent,2
CTVp_Pre_4560,mean,0
CTVp_Pre_4560,dose_percent,95
CTVp_Pre_4560,dose_percent,99
CTVp_Pre_4680,dose_percent,2
CTVp_Pre_4680,dose_percent,95
CTVp_Pre_4680,dose_percent,98
CTVp_Pre_4680,mean,0
CTVp_Pre_4680,dose_percent,99
CTVp_Pre_5040,dose_percent,2
CTVp_Pre_5040,dose_percent,99
CTVp_Pre_5040,mean,0
CTVp_Pre_5040,dose_percent,95
CTVp_Pre_5040,dose_percent,98
CTVp_Pre_5400,dose_percent,2
CTVp_Pre_5400,dose_percent,99
CTVp_Pre_5400,dose_percent,98
CTVp_Pre_5400,dose_percent,95
CTVp_Pre_5400,mean,0
CTVp_Pre_5460,dose_percent,98
CTVp_Pre_5460,dose_percent,2
CTVp_Pre_5460,mean,0
CTVp_Pre_5460,dose_percent,99
CTVp_Pre_5460,dose_percent,95
CTVp_Pre_6460,dose_percent,99
CTVp_Pre_6460,dose_percent,95
CTVp_Pre_6460,mean,0
CTVp_Pre_6460,dose_percent,2
CTVp_Pre_6460,dose_percent,98
CTVs,median,0
CTVs,structurevol,0
CTVs,dose_percent,98
CTVs,dose_percent,2
CTVs,relative_vol,3510
CTVs,relative_vol,4173
CTVs,relative_vol,3420
CTVs,relative_vol,3240
CTVs,relative_vol,3705
CTVs,relative_vol,3852
CTVs,mean,0
CTVtb,mean,0
CTVtb,relative_vol,1620
CTVtb,relative_vol,1710
CTVtb,median,0
CTVtb,relative_vol,1926
CTVtb,relative_vol,1872
CTVtb,relative_vol,1976
CTVtb,relative_vol,2226
CTVtb,dose_percent,98
CTVtb,dose_percent,2
CTVtb,structurevol,0
CTVwb,relative_vol,4173
CTVwb,mean,0
CTVwb,relative_vol,3420
CTVwb,relative_vol,3240
CTVwb,relative_vol,3852
CTVwb,structurevol,0
CTVwb,dose_percent,2
CTVwb,median,0
CTVwb,dose_percent,98
CTVwb,relative_vol,3510
CTVwb,relative_vol,3705
Canal_Anal,dose_percent,100
Canal_Anal,mean,0
Canal_Anal,relative_vol,3000
CaudaEquina,dose_cc,0.1
CaudaEquina,mean,0
CaudaEquinaCore,max,0
CaudaEquinaSurf,max,0
Cavity_Oral,mean,0
Chiasm,max,0
Cochlea_L,median,0
Cochlea_L,dose_percent,98
Cochlea_L,dose_percent,2
Cochlea_L,dose_percent,50
Cochlea_L,mean,0
Cochlea_R,dose_percent,50
Cochlea_R,dose_percent,2
Cochlea_R,mean,0
Cochlea_R,median,0
Cochlea_R,dose_percent,98
Contralateral_Breast,mean,0
Cord_High,max,0
Cord_Metastasis,max,0
Cornea_L,mean,0
Cornea_L,dose_cc,0.03
Cornea_L,max,0
Cornea_R,mean,0
Cornea_R,dose_cc,0.03
Cornea_R,max,0
Duodenum,dose_cc,0.1
Duodenum,absolute_vol,5000
Duodenum,absolute_vol,1500
Esophagus,dose_cc,0.1
Esophagus,mean,0
Esophagus,max,0
Esophagus,relative_vol,3500
Eye_A_L,dose_cc,0.03
Eye_A_R,dose_cc,0.03
Eye_L,dose_cc,0.1
Eye_L,dose_percent,10
Eye_L,dose_percent,50
Eye_L,dose_cc,0.03
Eye_L,dose_percent,90
Eye_L,relative_vol,5000
Eye_P_L,dose_cc,0.03
Eye_P_R,dose_cc,0.03
Eye_R,dose_cc,0.1
Eye_R,dose_percent,90
Eye_R,relative_vol,5000
Eye_R,dose_percent,50
Eye_R,dose_cc,0.03
Eye_R,dose_percent,10
FemoralHead_L,max,0
FemoralHead_L,relative_vol,40
FemoralHead_L,mean,0
FemoralHead_R,mean,0
FemoralHead_R,relative_vol,40
FemoralHead_R,max,0
FemurHeadNeck_L,relative_vol,5000
FemurHeadNeck_L,relative_vol,6000
FemurHeadNeck_R,relative_vol,5000
FemurHeadNeck_R,relative_vol,6000
Femur_Head_L,relative_vol,6000
Femur_Head_L,relative_vol,5000
Femur_Head_R,relative_vol,5000
Femur_Head_R,relative_vol,6000
Fossa_Pituitary,mean,0
Fossa_Posterior,mean,0
GTV_0540,dose_percent,98
GTV_0540,dose_percent,2
GTV_0540,absolute_vol,0
GTV_0540,mean,0
GTV_0540,median,0
GTV_5400,median,0
GTV_5400,relative_vol,5940
GTV_5400,relative_vol,5130
GTV_5400,dose_percent,98
GTV_5400,absolute_vol,0
GTV_5400,mean,0
GTV_5400,absolute_vol,5778
GTV_5400,dose_percent,2
GTV_5940,absolute_vol,0
GTV_5940,dose_percent,2
GTV_5940,dose_percent,98
GTV_5940,mean,0
GTV_5940,median,0
GTVm_b1,median,0
GTVm_b1,structurevol,0
GTVm_b1,dose_percent,2
GTVm_b1,dose_percent,98
GTVm_b1,mean,0
GTVm_b2,structurevol,0
GTVm_b2,median,0
GTVm_b2,dose_percent,2
GTVm_b2,dose_percent,98
GTVm_b2,mean,0
GTVm_b3,structurevol,0
GTVm_b3,median,0
GTVm_b3,mean,0
GTVm_b3,dose_percent,98
GTVm_b3,dose_percent,2
GTVm_s1,median,0
GTVm_s1,dose_percent,2
GTVm_s1,dose_percent,98
GTVm_s1,structurevol,0
GTVm_s1,mean,0
GTVm_s2,median,0
GTVm_s2,mean,0
GTVm_s2,dose_percent,98
GTVm_s2,dose_percent,2
GTVm_s2,structurevol,0
GTVm_s3,dose_percent,2
GTVm_s3,structurevol,0
GTVm_s3,median,0
GTVm_s3,mean,0
GTVm_s3,dose_percent,98
GTVs,median,0
GTVs,dose_percent,2
GTVs,structurevol,0
GTVs,dose_percent,98
GTVs,mean,0
GTVtb,median,0
GTVtb,structurevol,0
GTVtb,dose_percent,2
GTVtb,dose_percent,98
GTVtb,mean,0
GTVwb,mean,0
GTVwb,structurevol,0
GTVwb,dose_percent,2
GTVwb,dose_percent,98
GTVwb,median,0
Glnd_Lacrimal_L,mean,0
Glnd_Lacrimal_L,dose_percent,50
Glnd_Lacrimal_R,mean,0
Glnd_Lacrimal_R,dose_percent,50
Glnd_Submand_L,mean,0
Glnd_Submand_R,mean,0
Glnd_Thyroid,min,0
Glnd_Thyroid,max,0
Glnd_Thyroid,dose_percent,2
Glnd_Thyroid,dose_percent,98
Glnd_Thyroid,median,0
Glnd_Thyroid,mean,0
Glottis,mean,0
Heart,relative_vol,500
Heart,relative_vol,2500
Heart,relative_vol,3000
Heart,relative_vol,200
Heart,relative_vol,4000
Heart,dose_percent,50
Heart,dose_percent,10
Heart,dose_percent,2
Heart,relative_vol,4500
Heart,mean,0
Heart,dose_percent,100
Heart,relative_vol,1300
Heart,median,0
Heart,dose_percent,98
Heart,min,0
Heart,relative_vol,6000
Heart,relative_vol,1500
Hippocampi,dose_percent,40
Hippocampus_L,dose_percent,40
Hippocampus_L,mean,0
Hippocampus_L,dose_percent,2
Hippocampus_L,dose_percent,98
Hippocampus_L,median,0
Hippocampus_R,dose_percent,2
Hippocampus_R,dose_percent,98
Hippocampus_R,mean,0
Hippocampus_R,median,0
Hippocampus_R,dose_percent,40
HumeralHead_L,mean,0
HumeralHead_R,mean,0
Hypothalamus,mean,0
Hypothalamus,dose_percent,2
Hypothalamus,dose_percent,98
Hypothalamus,median,0
Hypothalamus_L,mean,0
Hypothalamus_R,mean,0
ITV_4005,dose_percent,98
ITV_4005,dose_percent,2
ITV_4005,median,0
ITV_4005,relative_vol,3805
Infratentorial,dose_percent,2
Infratentorial,mean,0
Infratentorial,dose_percent,98
Infratentorial,median,0
Inlet_Cricophar,mean,0
Joint_L,relative_vol,1000
Joint_L,relative_vol,5000
Joint_R,relative_vol,1000
Joint_R,relative_vol,5000
Joint_TMJ,max,0
Kidney_Cortex_L,mean,0
Kidney_Cortex_R,mean,0
Kidney_L,relative_vol,2800
Kidney_L,relative_vol,1000
Kidney_L,relative_vol,2000
Kidney_L,mean,0
Kidney_L,relative_vol,1800
Kidney_L,dose_percent,10
Kidney_L,relative_vol,1200
Kidney_L,relative_vol,600
Kidney_L,dose_percent,2
Kidney_L,dose_percent,50
Kidney_L,median,0
Kidney_L,relative_vol,1400
Kidney_L,dose_percent,98
Kidney_R,relative_vol,1000
Kidney_R,mean,0
Kidney_R,dose_percent,50
Kidney_R,relative_vol,2000
Kidney_R,relative_vol,1400
Kidney_R,relative_vol,1800
Kidney_R,dose_percent,10
Kidney_R,relative_vol,1200
Kidney_R,median,0
Kidney_R,dose_percent,98
Kidney_R,dose_percent,2
Kidney_R,relative_vol,2800
Kidney_R,relative_vol,600
Kidneys,mean,0
Kidneys,relative_vol,1500
Kidneys,dose_percent,30
Kidneys,relative_vol,2000
Kidneys,dose_percent,50
LacrimalGland_L,mean,0
LacrimalGland_R,mean,0
LargeBowel,absolute_vol,6000
LargeBowel,relative_vol,4500
Larynx,dose_cc,0.1
Larynx,mean,0
Larynx_SG,mean,0
Lens_L,dose_cc,0.03
Lens_L,max,0
Lens_L,median,0
Lens_L,dose_percent,98
Lens_L,dose_percent,2
Lens_L,dose_percent,50
Lens_L,mean,0
Lens_L,dose_cc,0.1
Lens_R,dose_cc,0.1
Lens_R,dose_percent,50
Lens_R,mean,0
Lens_R,max,0
Lens_R,dose_percent,2
Lens_R,dose_percent,98
Lens_R,median,0
Lens_R,dose_cc,0.03
LimbCorridor,relative_vol,2000
Liver,relative_vol,4000
Liver,dose_percent,50
Liver,dose_percent,98
Liver,dose_percent,2
Liver,relative_vol,5000
Liver,min,100
Liver,median,0
Liver,relative_vol,600
Liver,relative_vol,2100
Liver,min,0
Liver,relative_vol,3000
Liver,relative_vol,2000
Liver,mean,0
Liver,relative_vol,3500
Liver,dose_percent,100
Lobe_Temporal_L,relative_vol,2000
Lobe_Temporal_L,mean,0
Lobe_Temporal_L,median,0
Lobe_Temporal_L,dose_percent,2
Lobe_Temporal_L,dose_percent,98
Lobe_Temporal_R,median,0
Lobe_Temporal_R,mean,0
Lobe_Temporal_R,dose_percent,98
Lobe_Temporal_R,dose_percent,2
Lobe_Temporal_R,relative_vol,2000
Lung_L,dose_percent,2
Lung_L,dose_percent,98
Lung_L,median,0
Lung_L,relative_vol,1700
Lung_L,relative_vol,4000
Lung_L,mean,0
Lung_L,relative_vol,2000
Lung_L,relative_vol,3000
Lung_R,dose_percent,2
Lung_R,relative_vol,3000
Lung_R,median,0
Lung_R,relative_vol,2000
Lung_R,mean,0
Lung_R,relative_vol,1700
Lung_R,dose_percent,98
Lung_R,relative_vol,4000
Lungs,mean,0
Lungs,relative_vol,1200
Lungs,dose_percent,25
Lungs,relative_vol,2000
Lungs,relative_vol,1500
Lungs,relative_vol,500
Lungs,dose_percent,50
Lungs,relative_vol,700
Lungs,relative_vol,2700
Lungs,relative_vol,1800
Mandible,dose_cc,0.01
Mandible,dose_cc,0.1
Musc_Constrict_I,mean,0
Musc_Constrict_M,mean,0
Musc_Constrict_S,mean,0
Muscular_Constrict,mean,0
Muscular_constrictors,mean,0
Oesophagus,relative_vol,1700
Oesophagus,dose_cc,1
Oesophagus,mean,0
Oesophagus,relative_vol,5000
Oesophagus,relative_vol,6000
Oesophagus,max,0
Oesophagus,dose_cc,0.1
Oesophagus,relative_vol,7000
Oesophagus_S,mean,0
Oesophagus_SUP,mean,0
Oesophagus_Ui,mean,0
OpticChiasm,dose_percent,98
OpticChiasm,mean,0
OpticChiasm,median,0
OpticChiasm,dose_cc,0.1
OpticChiasm,relative_vol,4940
OpticChiasm,dose_percent,2
OpticChiasm,dose_cc,0.03
OpticChiasm,relative_vol,5040
OpticChiasm,max,0
OpticNerve_L,median,0
OpticNerve_L,mean,0
OpticNerve_L,dose_percent,98
OpticNerve_L,dose_percent,2
OpticNerve_L,dose_cc,0.03
OpticNerve_L,max,0
OpticNerve_L,dose_cc,0.1
OpticNerve_R,dose_cc,0.03
OpticNerve_R,dose_percent,2
OpticNerve_R,dose_percent,98
OpticNerve_R,mean,0
OpticNerve_R,max,0
OpticNerve_R,median,0
OpticNerve_R,dose_cc,0.1
OpticNrv_L,dose_cc,0.03
OpticNrv_L,dose_percent,2
OpticNrv_L,max,0
OpticNrv_L,dose_percent,98
OpticNrv_L,mean,0
OpticNrv_L,median,0
OpticNrv_L,dose_cc,0.1
OpticNrv_R,dose_percent,98
OpticNrv_R,dose_cc,0.03
OpticNrv_R,dose_percent,2
OpticNrv_R,dose_cc,0.1
OpticNrv_R,max,0
OpticNrv_R,median,0
OpticNrv_R,mean,0
OpticTract_L,dose_cc,0.03
OpticTract_L,max,0
OpticTract_L,mean,0
OpticTract_L,dose_percent,2
OpticTract_L,dose_cc,0.1
OpticTract_R,dose_cc,0.1
OpticTract_R,mean,0
OpticTract_R,dose_percent,2
OpticTract_R,dose_cc,0.03
OpticTract_R,max,0
OralCavity,mean,0
Ovary_L,dose_cc,0.1
Ovary_L,median,0
Ovary_L,max,0
Ovary_L,dose_percent,2
Ovary_L,dose_percent,98
Ovary_L,mean,0
Ovary_R,median,0
Ovary_R,dose_percent,2
Ovary_R,dose_cc,0.1
Ovary_R,dose_percent,98
Ovary_R,mean,0
Ovary_R,max,0
PTV_0540,mean,0
PTV_0540,dose_percent,98
PTV_0540,absolute_vol,0
PTV_0540,median,0
PTV_0540,dose_percent,2
PTV_5400,absolute_vol,0
PTV_5400,median,0
PTV_5400,dose_percent,98
PTV_5400,mean,0
PTV_5400,dose_percent,2
PTV_5940,median,0
PTV_5940,mean,0
PTV_5940,dose_percent,98
PTV_5940,dose_percent,2
PTV_5940,absolute_vol,0
PTV_High,dose_percent,98
PTV_High,dose_percent,95
PTV_High,mean,0
PTV_High,dose_percent,2
PTV_High,dose_cc,1
PTV_Intermediate,dose_percent,2
PTV_Intermediate,dose_cc,1
PTV_Intermediate,dose_percent,98
PTV_Intermediate,mean,0
PTV_Intermediate,dose_percent,95
PTV_Low,dose_percent,98
PTV_Low,dose_cc,1
PTV_Low,mean,0
PTV_Low,dose_percent,95
PTV_Low,dose_percent,2
PTVm_b1,relative_vol,1620
PTVm_b1,median,0
PTVm_b1,mean,0
PTVm_b1,dose_percent,98
PTVm_b1,dose_percent,2
PTVm_b1,structurevol,0
PTVm_b1,relative_vol,1872
PTVm_b1,relative_vol,2226
PTVm_b1,relative_vol,1976
PTVm_b1,relative_vol,1926
PTVm_b1,relative_vol,1710
PTVm_b2,structurevol,0
PTVm_b2,mean,0
PTVm_b2,relative_vol,1926
PTVm_b2,relative_vol,2226
PTVm_b2,relative_vol,1710
PTVm_b2,relative_vol,1872
PTVm_b2,dose_percent,2
PTVm_b2,median,0
PTVm_b2,relative_vol,1976
PTVm_b2,relative_vol,1620
PTVm_b2,dose_percent,98
PTVm_b3,dose_percent,2
PTVm_b3,dose_percent,98
PTVm_b3,mean,0
PTVm_b3,median,0
PTVm_b3,structurevol,0
PTVm_b3,relative_vol,1620
PTVm_b3,relative_vol,1710
PTVm_b3,relative_vol,1976
PTVm_b3,relative_vol,1872
PTVm_b3,relative_vol,2226
PTVm_b3,relative_vol,1926
PTVm_s1,relative_vol,810
PTVm_s1,relative_vol,855
PTVm_s1,mean,0
PTVm_s1,relative_vol,963
PTVm_s1,dose_percent,98
PTVm_s1,dose_percent,2
PTVm_s1,structurevol,0
PTVm_s1,relative_vol,835
PTVm_s1,relative_vol,702
PTVm_s1,relative_vol,741
PTVm_s1,median,0
PTVm_s2,relative_vol,855
PTVm_s2,relative_vol,702
PTVm_s2,structurevol,0
PTVm_s2,dose_percent,2
PTVm_s2,dose_percent,98
PTVm_s2,mean,0
PTVm_s2,median,0
PTVm_s2,relative_vol,741
PTVm_s2,relative_vol,835
PTVm_s2,relative_vol,810
PTVm_s2,relative_vol,963
PTVm_s3,relative_vol,810
PTVm_s3,relative_vol,835
PTVm_s3,relative_vol,702
PTVm_s3,relative_vol,855
PTVm_s3,median,0
PTVm_s3,relative_vol,963
PTVm_s3,mean,0
PTVm_s3,dose_percent,2
PTVm_s3,structurevol,0
PTVm_s3,dose_percent,98
PTVm_s3,relative_vol,741
PTVs,structurevol,0
PTVs,dose_percent,2
PTVs,relative_vol,4173
PTVs,relative_vol,3705
PTVs,dose_percent,98
PTVs,relative_vol,3510
PTVs,median,0
PTVs,relative_vol,3420
PTVs,relative_vol,3240
PTVs,mean,0
PTVs,relative_vol,3852
PTVtb,mean,0
PTVtb,relative_vol,1976
PTVtb,relative_vol,1872
PTVtb,relative_vol,2226
PTVtb,relative_vol,1926
PTVtb,relative_vol,1620
PTVtb,median,0
PTVtb,relative_vol,1710
PTVtb,structurevol,0
PTVtb,dose_percent,2
PTVtb,dose_percent,98
PTVwb,relative_vol,3420
PTVwb,relative_vol,3240
PTVwb,relative_vol,4173
PTVwb,relative_vol,3510
PTVwb,relative_vol,3852
PTVwb,relative_vol,3705
PTVwb,dose_percent,98
PTVwb,dose_percent,2
PTVwb,median,0
PTVwb,structurevol,0
PTVwb,mean,0
Pancreas,mean,0
Parotid_L,relative_vol,2600
Parotid_L,mean,0
Parotid_L,dose_percent,50
Parotid_R,relative_vol,2600
Parotid_R,dose_percent,50
Parotid_R,mean,0
Parotids,median,0
Parotids,mean,0
Parotids,dose_percent,50
Parotids,dose_percent,98
Parotids,dose_percent,2
Patient,dose_cc,1.8
Patient,max,0
PenileBulb,mean,0
PenileBulb,dose_percent,70
PenileBulb,dose_percent,90
PharynxConst,mean,0
PharynxConst_MID,mean,0
PharynxConst_SUP,mean,0
PhyxCon_MID_Ui,mean,0
PhyxCon_SUP_Ui,mean,0
Pituitary,median,0
Pituitary,mean,0
Pituitary,dose_percent,98
Pituitary,dose_percent,2
Pituitary,dose_percent,50
Rectum,relative_vol,6000
Rectum,relative_vol,7500
Rectum,relative_vol,6500
Rectum,relative_vol,5000
Rectum,relative_vol,4500
Rectum,relative_vol,7000
Rectum,dose_cc,5
Rectum,relative_vol,4000
Rectum,relative_vol,3000
Retina_L,dose_cc,0.03
Retina_L,dose_cc,0.1
Retina_L,max,0
Retina_L,absolute_vol,4500
Retina_L,dose_percent,50
Retina_R,absolute_vol,4500
Retina_R,dose_cc,0.03
Retina_R,max,0
Retina_R,dose_cc,0.1
Retina_R,dose_percent,50
SacralPlexus_L,max,0
SacralPlexus_R,max,0
SciaticNerve_L,max,0
SciaticNerve_R,max,0
Skin,dose_cc,0.5
Skin,dose_cc,0.1
Skin,max,0
Skin,dose_cc,0.03
Skin,absolute_vol,3000
Skin,relative_vol,2650
Skin,absolute_vol,2650
SmallBowel,relative_vol,4500
SmallBowel,absolute_vol,6000
Spc_Bowel,min,100
Spc_Bowel,absolute_vol,6000
Spc_Bowel,absolute_vol,4500
Spc_Bowel,dose_percent,50
Spc_Bowel,absolute_vol,5000
Spc_Bowel,dose_cc,5
Spc_Bowel,dose_cc,0.1
Spc_Bowel,relative_vol,4500
Spc_Bowel,dose_percent,10
Spc_Bowel,absolute_vol,5500
SpinalCanal,dose_cc,0.1
SpinalCord,max,0
SpinalCord,dose_percent,98
SpinalCord,dose_percent,2
SpinalCord,median,0
SpinalCord,dose_cc,1
SpinalCord,dose_cc,0.1
SpinalCord,mean,0
SpinalCord,dose_cc,5
SpinalCordBelowC2,dose_percent,2
SpinalCordBelowC2,max,0
SpinalCordCore,dose_percent,2
SpinalCordCore,max,0
SpinalCordSurf,dose_percent,2
SpinalCordSurf,max,0
SpinalCord_C1,dose_percent,2
SpinalCord_C2_C3,dose_percent,2
SpinalCord_C4,dose_percent,2
Spleen,mean,0
Spleen,relative_vol,500
Spleen,dose_percent,50
Stomach,absolute_vol,4500
Stomach,dose_percent,100
Stomach,dose_cc,5
Stomach,absolute_vol,5000
Stomach,dose_cc,0.1
Stomach,absolute_vol,4000
Stomach,dose_cc,1
Stomach,max,0
Stomach,min,0
Submandibular_L,mean,0
Submandibular_R,mean,0
Supratentorial,mean,0
Supratentorial,dose_percent,98
Supratentorial,dose_percent,2
Supratentorial,median,0
TemporalLobe_L,dose_cc,2
TemporalLobe_L,relative_vol,2000
TemporalLobe_L,dose_percent,2
TemporalLobe_L,dose_percent,98
TemporalLobe_L,mean,0
TemporalLobe_L,median,0
TemporalLobe_L,dose_cc,0.1
TemporalLobe_R,dose_cc,0.1
TemporalLobe_R,relative_vol,2000
TemporalLobe_R,dose_percent,2
TemporalLobe_R,dose_cc,2
TemporalLobe_R,median,0
TemporalLobe_R,mean,0
TemporalLobe_R,dose_percent,98
Testes,mean,0
Testes,dose_cc,0.1
Testis_L,dose_percent,2
Testis_L,dose_cc,0.1
Testis_L,max,0
Testis_L,median,0
Testis_L,dose_percent,98
Testis_L,mean,0
Testis_R,dose_cc,0.1
Testis_R,mean,0
Testis_R,dose_percent,2
Testis_R,max,0
Testis_R,dose_percent,98
Testis_R,median,0
Thyroid,max,0
Thyroid,median,0
Thyroid,mean,0
Thyroid,dose_percent,98
Thyroid,dose_percent,2
Thyroid,relative_vol,3000
Thyroid,min,0
Thyroid,relative_vol,2500
Trachea,max,0
Uterus,dose_percent,50
Uterus,mean,0
Uterus_Adnexa_L,dose_cc,0.1
Uterus_Adnexa_R,dose_cc,0.1
VB_NAdj_I,dose_percent,5
VB_NAdj_I,relative_vol,1500
VB_NAdj_I,relative_vol,1000
VB_NAdj_S,relative_vol,1500
VB_NAdj_S,relative_vol,1000
VB_NAdj_S,dose_percent,5
VBs_Adj,dose_percent,98
VBs_NAdj_I,relative_vol,1000
VBs_NAdj_I,relative_vol,1500
VBs_NAdj_S,relative_vol,1000
VBs_NAdj_S,relative_vol,1500
Vertebrae,dose_percent,95
Vulva,relative_vol,3000
iGTV,dose_percent,95
iGTV,dose_cc,0.1
